time,wheelspeed,airspeed,throttle,brake,gear_A,posx,posy,posz,gx,gy,gz
0.16350000631064,0.050649884991376,0.43492357148161,0,0,0,729.64862060547,763.91131591797,178.23175048828,-0.05122023075819,-1.6927090883255,-10.806304931641
0.42700001597404,0.059479263603349,0.15385984792645,0,0,0,729.63909912109,763.90093994141,178.17770385742,0.47787511348724,0.64105075597763,-10.975457191467
0.67750002536923,0.040699293567845,0.066324581670932,0,0,0,729.64093017578,763.90002441406,178.18203735352,0.11900275945663,0.58007609844208,-9.2679738998413
0.92800003476441,0.054997870856787,0.058797842692504,0.154757,0,0,729.64508056641,763.90826416016,178.17904663086,-0.014431280083954,0.19241498410702,-9.8923568725586
1.1910000443459,0.040906218607531,0.046112788405698,0.408728,0,0,729.65081787109,763.92071533203,178.17832946777,0.020637102425098,-0.097536265850067,-9.7414293289185
1.4485000530258,0.0075949275951151,0.0078059821897181,0.535164,0,0,729.65277099609,763.92468261719,178.17658996582,-0.01504192315042,-0.10070987045765,-9.8698835372925
1.7095000622794,0.019037282198939,0.021304342666284,0.574228,0,0,729.65130615234,763.92175292969,178.17727661133,-0.012968895025551,-0.093060173094273,-9.8406295776367
1.9605000698939,0.03467435995007,0.036194003145605,0.432532,0,0,729.64801025391,763.91424560547,178.17897033691,-0.01581360027194,-0.048751853406429,-9.8090572357178
2.220500077121,0.019097824681382,0.019073345241859,0.007935,0,0,729.64471435547,763.90753173828,178.1798248291,-0.0086154416203499,0.17776094377041,-9.8075714111328
2.48100008443,0.019108707114401,0.019752976508041,0,0,0,729.64581298828,763.90966796875,178.1802520752,-0.010175878182054,0.10032279789448,-9.8067235946655
2.742000091821,0.018282174425115,0.018799386463343,0,0,0,729.64825439453,763.91491699219,178.18006896973,0.0013444512151182,-0.054889708757401,-9.7956027984619
2.9970001000911,0.0028015037157674,0.0039902144512771,0,0,0,729.64892578125,763.91632080078,178.17958068848,-0.0023536100052297,-0.08108101785183,-9.8249702453613
3.2595001077279,0.010360492201155,0.010687918614526,0,0,0,729.64794921875,763.91430664063,178.17971801758,-0.0019003369379789,-0.0068132262676954,-9.8080587387085
3.5155001142994,0.0086532821667868,0.0087830272718851,0,0,0,729.64685058594,763.91180419922,178.17990112305,0.0038005574606359,0.036100592464209,-9.8085165023804
3.7715001208708,0.0016989455286099,0.0022596704471731,0,0,0,729.64660644531,763.91137695313,178.17999267578,0.0043595633469522,0.0080050583928823,-9.8060216903687
4.0280001275241,0.0020349134880573,0.004145064144413,0,0,0,729.64666748047,763.912109375,178.1802520752,0.023124037310481,-0.0018882229924202,-9.811993598938
4.2840001340955,0.00015675738085748,0.0020629325863742,0,0,0,729.64691162109,763.91217041016,178.18034362793,-0.041266817599535,-0.0057448116131127,-9.8113460540771
4.5380001403391,7.4302776181129e-05,0.0011628116331761,0,0,0,729.64685058594,763.912109375,178.1802520752,-0.0148591902107,0.006088400259614,-9.8285493850708
4.7945001469925,9.146189027175e-05,0.00066607195875934,0,0,0,729.64685058594,763.91217041016,178.18034362793,-5.4065836593509e-05,-0.0017547763418406,-9.8120040893555
5.050000153482,0.00010912479176891,0.00054448561323224,0,0,0,729.64685058594,763.91217041016,178.18029785156,0.0034328019246459,0.013832073658705,-9.8102216720581
5.3070001602173,0.13893761059062,0.13963424746807,0,0,0,729.65252685547,763.92468261719,178.18263244629,0.16296693682671,1.2161911725998,-7.1917195320129
5.5605001682416,0.17934477834492,0.18121003908059,0,0,0,729.66973876953,763.96429443359,178.17427062988,0.17862868309021,0.17416328191757,-9.6327095031738
5.8205001791939,0.15414095149528,0.15886403175915,0,0,0,729.69012451172,764.00317382813,178.17434692383,-0.13839121162891,0.11679752916098,-9.9825963973999
6.0780001897365,0.21785192168114,0.21397536897319,0.15079,0,0,729.71038818359,764.04748535156,178.17697143555,0.012625247240067,0.83601206541061,-9.7546348571777
6.3305002013221,0.92473012819719,0.88568119152761,0.349203,0,0,729.77685546875,764.18878173828,178.17999267578,0.30861088633537,5.2276740074158,-8.7245635986328
6.5925002051517,2.3370268553915,2.2461462392996,0.325399,0,0,729.99127197266,764.6357421875,178.17430114746,-0.51374924182892,4.4791741371155,-8.6549510955811
6.8520002160221,3.1802325000972,3.2915959811535,0,0,0,730.34381103516,765.37341308594,178.15357971191,0.1241449713707,-0.93889576196671,-9.62464427948
7.1135002253577,3.0141672710237,3.0680924372297,0,0,0,730.69592285156,766.11389160156,178.12951660156,-0.002844076603651,-1.4385608434677,-9.1298913955688
7.3665002333,2.8050052162632,2.8316012608414,0,0,0,731.01110839844,766.77606201172,178.11418151855,-0.14708739519119,-1.0664584636688,-9.6994094848633
7.6295002410188,2.5696669500335,2.5968120395689,0,0,0,731.31286621094,767.41101074219,178.09873962402,-0.27956834435463,-0.88227754831314,-10.334729194641
7.8915002485737,2.3324663270611,2.3671076650251,0,0,0,731.58746337891,767.98474121094,178.09214782715,-0.29398503899574,-0.78111892938614,-8.1321744918823
8.1435002563521,2.1584528410996,2.1762505410189,0,0,0,731.82757568359,768.48889160156,178.07827758789,-0.48454275727272,0.11727724224329,-9.1524343490601
8.4050002638251,2.1516126123878,2.1703358791026,0,0,0,732.07275390625,769.0009765625,178.06805419922,0.11470295488834,-0.21114885807037,-9.4206209182739
8.6650002710521,2.1628885023867,2.1801313464952,0,0,0,732.31774902344,769.51019287109,178.05755615234,-0.020263852551579,0.24780662357807,-10.747643470764
8.9255002783611,2.1785989962579,2.1894643238536,0,0,0,732.56506347656,770.0234375,178.04754638672,0.28592023253441,-0.02074783295393,-10.114974021912
9.1830002851784,2.1904405363695,2.203426778131,0,0,0,732.80950927734,770.53479003906,178.0322265625,0.80355393886566,0.25806811451912,-12.708706855774
9.4385002916679,2.2022141377374,2.2268138871253,0,0,0,733.05480957031,771.04614257813,178.01725769043,0.092789210379124,-0.14534093439579,-8.9866466522217
9.6970002986491,2.2282133986676,2.2498345221403,0,0,0,733.30584716797,771.56732177734,178.00424194336,0.086279027163982,0.31091630458832,-9.4504899978638
9.9485003063455,2.2433381289436,2.2611729985903,0.007935,0,0,733.55249023438,772.07885742188,177.99354553223,0.37883248925209,0.074878677725792,-11.597729682922
10.204000314698,2.2523135354655,2.2751864554207,0.257939,0,0,733.80334472656,772.60144042969,177.97912597656,-0.0085669029504061,0.11091822385788,-9.2765378952026
10.464000323787,2.28817270254,2.3094024087898,0.325399,0,0,734.06365966797,773.13940429688,177.96171569824,-0.22631558775902,0.21992939710617,-9.2370052337646
10.718500331976,2.3188450250289,2.3384398562122,0,0,0,734.32171630859,773.67364501953,177.94694519043,-0.1068773791194,-0.083129182457924,-9.2487802505493
10.971500339918,2.3357364187775,2.3615952516458,0,0,0,734.58233642578,774.21081542969,177.93673706055,0.2786061167717,0.26919969916344,-9.6372957229614
11.234000347555,2.3573265690953,2.3781960101104,0,0,0,734.85327148438,774.77117919922,177.9225769043,0.062009915709496,-0.059763416647911,-9.2046461105347
11.492500354536,2.3926351007188,2.4150960871449,0,0,0,735.12475585938,775.32983398438,177.90635681152,-0.16396951675415,0.14638914167881,-10.17930316925
11.745000362396,2.9238953347303,3.087186507459,0,0,0,735.43243408203,775.96441650391,177.89636230469,0.24030131101608,-1.8812063932419,-8.2286605834961
12.001500370912,2.7583255902713,2.8934633519615,0,0,0,735.75726318359,776.63635253906,177.86714172363,0.74070399999619,-2.1005260944366,-9.1653547286987
12.263500378467,2.5760996868068,2.6500652041846,0,0,0,736.06439208984,777.27001953125,177.8505859375,0.36809897422791,-2.1077792644501,-7.8025045394897
12.522000385448,2.3964829870578,2.4126904180599,0,0,0,736.34130859375,777.84692382813,177.8303527832,-0.147376075387,-0.86606955528259,-9.881739616394
12.779000394046,2.1885744812224,2.2052320262532,0,0,0,736.59301757813,778.36926269531,177.81506347656,-0.20347654819489,-0.54786586761475,-9.8435020446777
13.036500402726,2.1462858576635,2.1676555999639,0.071427,0,0,736.8349609375,778.87121582031,177.80218505859,0.28798788785934,0.14612136781216,-8.924168586731
13.293000411242,2.5071013989967,2.4894895925194,0.190478,0,0,737.09497070313,779.40972900391,177.79061889648,0.57988804578781,3.3900318145752,-10.02347946167
13.543500420637,3.2268929769239,3.2429449023055,0.031739,0,0,737.42877197266,780.09545898438,177.77340698242,-0.10592451691628,2.3812520503998,-11.482043266296
13.795000430197,3.1593033495382,3.206681021411,0,0,0,737.78955078125,780.83929443359,177.74020385742,-0.13205416500568,-0.95506995916367,-10.539202690125
14.057500439696,2.9543040555701,2.991457872961,0,0,0,738.13891601563,781.56085205078,177.71717834473,-0.099812656641006,-0.52235096693039,-10.376958847046
14.312500447966,2.7455280179709,2.7850220195262,0,0,0,738.45343017578,782.21508789063,177.69404602051,0.097021818161011,-0.73828822374344,-9.8323574066162
14.56600045599,2.5436151725901,2.5783755196482,0,0,0,738.74389648438,782.81652832031,177.67575073242,0.18543484807014,-0.84510135650635,-9.7090253829956
14.828000463545,2.3474328365387,2.3721186004952,0,0,0,739.02227783203,783.39031982422,177.65713500977,0.045722935348749,-1.0130804777145,-9.9608736038208
15.081000471488,2.1994930762411,2.2199890150673,0,0,0,739.26806640625,783.90124511719,177.63780212402,0.18092910945415,0.23958112299442,-9.8097219467163
15.342500478961,2.2263995536239,2.2478478282217,0.063493,0,0,739.52270507813,784.42724609375,177.62216186523,-0.10341453552246,0.2728117108345,-10.441098213196
15.601500487886,2.270491923803,2.2866598596488,0.289677,0,0,739.77917480469,784.95629882813,177.60296630859,0.44392675161362,0.36577633023262,-11.276120185852
15.859000496566,2.3184702204284,2.3378250484181,0.432532,0,0,740.04095458984,785.49407958984,177.58573913574,-0.26540845632553,0.052697010338306,-9.59095287323
16.118000505492,2.3612476397017,2.3853920658091,0.480156,0,0,740.30871582031,786.04675292969,177.56477355957,0.32754337787628,0.35449776053429,-10.510684013367
16.368000512943,2.4102186421072,2.4334342447616,0.456336,0,0,740.57409667969,786.59259033203,177.54528808594,-0.30931040644646,0.23800314962864,-9.4973344802856
16.621000520885,2.4603950525031,2.4808852054594,0.178561,0,0,740.84655761719,787.15118408203,177.52529907227,-0.15144729614258,0.24056592583656,-9.6822910308838
16.875500529073,5.4631600332344,1.6766669184754,0,0,0,741.08483886719,787.63354492188,177.49494934082,-1.9370791912079,-7.9917311668396,-9.1663198471069
17.130000537261,4.6548334815664,0.44530492397433,0.119051,0,0,741.12640380859,787.70690917969,177.50764465332,1.8870196342468,-6.8411769866943,-8.2567157745361
17.387000545859,1.7639186995754,1.6414169257244,0.190478,0,0,740.97845458984,787.39465332031,177.52403259277,1.1131685972214,-3.7847661972046,-7.2402195930481
17.639000553638,2.5165653434356,2.490677191921,0.166659,0,0,740.72760009766,786.87982177734,177.53077697754,0.75307351350784,-3.1963911056519,-10.701661109924
17.890500561334,3.2339757730228,3.2013859685449,0.222217,0,0,740.39733886719,786.20104980469,177.55198669434,0.14365062117577,-2.6773455142975,-10.036098480225
18.153000568971,4.0536257052134,4.0132451877117,0.297612,0,0,739.96325683594,785.31030273438,177.58198547363,0.88694190979004,-3.7321736812592,-8.9618139266968
18.416000578552,4.9015234579166,4.8486150168706,0.333333,0,0,739.43743896484,784.2236328125,177.61711120605,0.017068929970264,-3.4978730678558,-9.3300256729126
18.676500589587,5.7628443767939,5.6634422117278,0.349203,0,0,738.81988525391,782.94567871094,177.66175842285,-0.078710369765759,-3.0765945911407,-9.4717435836792
18.928500599228,6.5343231407391,6.4340093554743,0.365072,0,0,738.12799072266,781.52947998047,177.70539855957,-0.0073403865098953,-3.142320394516,-10.15016746521
19.192000608891,7.2952087025664,7.1948983614022,0.376974,0,0,737.31811523438,779.87377929688,177.76078796387,-0.43384009599686,-2.8958320617676,-10.15030670166
19.447500617243,8.0092885541989,7.9057761843623,0.384909,0,0,736.45031738281,778.10571289063,177.81253051758,-0.36647287011147,-2.5322020053864,-9.3609828948975
19.705500626005,8.3462222153879,8.363229852877,0.416663,0,0,735.51086425781,776.18371582031,177.87213134766,0.82697588205338,0.77679759263992,-8.5330629348755
19.968500635587,8.2521583898876,8.2657615342129,0.472221,0,0,734.5537109375,774.22741699219,177.93223571777,0.14975368976593,0.53343957662582,-9.7492227554321
20.232500645332,8.3592457414888,8.3591035045636,0.500008,0,0,733.59020996094,772.26446533203,177.98049926758,1.2808530330658,-0.73000764846802,-9.2013845443726
20.489000653848,9.035538699955,8.8009745626486,0.539071,0,0,732.62127685547,770.28887939453,178.02442932129,-1.3633103370667,-3.3111889362335,-12.062204360962
20.739500661381,9.7617543611269,9.6341515378508,0.605478,0,0,731.58569335938,768.17120361328,178.07876586914,-1.2396038770676,-3.6332004070282,-11.314812660217
20.989500668831,10.645002134589,10.453618448422,0.632822,0,0,730.46270751953,765.87518310547,178.12350463867,0.74775636196136,-3.2335453033447,-9.023606300354
21.25250067655,11.51264644169,11.318332948739,0.636728,0,0,729.18353271484,763.25299072266,178.16610717773,-0.21665772795677,-2.5217351913452,-9.0108594894409
21.503000684083,12.298550179012,12.106043975558,0.636728,0,0,727.88757324219,760.58532714844,178.21119689941,1.0789257287979,-3.5430963039398,-10.59695148468
21.760000694543,12.704085206418,12.684723944268,0.62501,0,0,726.47674560547,757.68463134766,178.25457763672,-0.34225064516068,0.54445225000381,-10.268807411194
22.018000705168,12.645418264759,12.636011846441,0.62501,0,0,725.04449462891,754.74084472656,178.29357910156,0.1008862555027,0.70449334383011,-8.9067306518555
22.28300071694,12.866043577176,12.707916447036,0.632822,0,0,723.57745361328,751.72784423828,178.31959533691,-0.14796091616154,-1.9426729679108,-11.606155395508
22.545000726357,13.345277470538,13.216281983907,0.644541,0,0,722.09448242188,748.65808105469,178.33801269531,0.010071873664856,-1.7889928817749,-9.2807703018188
22.802500734106,13.869972705147,13.763718118096,0.644541,0,0,720.58624267578,745.47521972656,178.35185241699,0.95264655351639,-2.4141325950623,-10.035190582275
23.057500744238,14.438226608252,14.318524392802,0.644541,0,0,719.05786132813,742.17626953125,178.36279296875,0.59505784511566,-2.005606174469,-10.587531089783
23.316500753164,15.009738468026,14.876210161808,0.640635,0,0,717.48950195313,738.693359375,178.36601257324,0.17221948504448,-1.9574060440063,-9.825629234314
23.57550076209,15.571794112056,15.428013238484,0.62501,0,0,715.90234375,735.06964111328,178.35877990723,0.042326897382736,-2.0901420116425,-9.956768989563
23.827000769787,16.11177260355,15.970923161428,0.62501,0,0,714.33874511719,731.40161132813,178.34747314453,1.221958398819,-2.2172765731812,-10.029961585999
24.090500777587,16.705832207392,16.542960138729,0.632822,0,0,712.68438720703,727.42449951172,178.31993103027,1.3656401634216,-1.224506855011,-9.7751665115356
24.353000785224,17.256556318268,17.094800546667,0.632822,0,0,711.00604248047,723.30041503906,178.28866577148,-0.65143346786499,-2.1975960731506,-9.0072059631348
24.603500792757,17.773363613304,17.617699973979,0.636728,0,0,709.38128662109,719.24499511719,178.23753356934,0.0086010321974754,-1.5726072788239,-10.409428596497
24.859000801109,17.67300077981,17.678921226457,0.628916,0,0,707.71899414063,715.04962158203,178.18511962891,-0.30696129798889,0.32012230157852,-8.6076402664185
25.116000809707,17.836029609337,17.684385082878,0.574228,0,0,706.05096435547,710.81713867188,178.09896850586,-0.39065289497375,-1.8687858581543,-8.2314252853394
25.369000817649,18.233678963502,18.087500748392,0.539071,0,0,704.38922119141,706.59533691406,177.96282958984,-0.64881759881973,-1.420450925827,-9.1962375640869
25.624500826001,18.672761770041,18.525650336841,0.554696,0,0,702.65911865234,702.21771240234,177.79057312012,-0.36182975769043,-1.7046272754669,-9.2661828994751
25.879500834271,19.156147140484,18.980764063779,0.570321,0,0,700.87457275391,697.75982666016,177.58543395996,0.028022356331348,-2.0201234817505,-9.2045822143555
26.132000842132,19.588637205749,19.426740430426,0.578134,0,0,699.04205322266,693.23974609375,177.36279296875,-0.62379282712936,-1.7415062189102,-8.5773363113403
26.384500849992,20.022582312786,19.882489066662,0.452369,0,0,697.14477539063,688.64343261719,177.11894226074,0.05110739171505,-1.5914056301117,-9.703351020813
26.637000857852,20.289743657164,20.2241722017,0.13492,0,0,695.181640625,683.95532226563,176.86430358887,0.079372771084309,0.16829496622086,-9.4010047912598
26.89400086645,20.28187081005,20.256988594853,0,0,0,693.15789794922,679.17358398438,176.59518432617,-0.43576267361641,0.035479933023453,-10.410320281982
27.149000874721,20.195487809319,20.172096811194,0,0,0,691.13232421875,674.44500732422,176.33485412598,-0.21405658125877,0.53532069921494,-9.3217582702637
27.400500882417,20.12046920593,20.093754877879,0,0,0,689.11822509766,669.80230712891,176.07205200195,-0.38313519954681,0.2706201672554,-10.515879631042
27.663000890054,20.02190297546,19.994480779207,0,0,0,686.99792480469,664.98907470703,175.81088256836,-0.23022855818272,0.15711385011673,-9.8755617141724
27.91700089816,19.93025449707,19.904322161667,0,0,0,684.93695068359,660.38208007813,175.56632995605,-0.55461293458939,0.049323260784149,-9.4532070159912
28.176000907086,19.845624175137,19.808524355676,0.043656,0,0,682.81750488281,655.71911621094,175.32626342773,-0.58281916379929,0.41286271810532,-10.184887886047
28.43450091593,19.916648162005,19.836764334737,0.123018,0,0,680.66705322266,651.06512451172,175.10430908203,-0.72730016708374,-0.5214826464653,-9.5737705230713
28.691500924528,19.931671649555,19.864920231553,0.091264,0,0,678.49993896484,646.44683837891,174.89971923828,-0.58425962924957,0.15592396259308,-10.770094871521
28.948000933044,19.957601620654,19.878103873871,0.111116,0,0,676.30963134766,641.84613037109,174.71063232422,-0.68567299842834,0.4439891576767,-10.799499511719
29.199000940658,20.048023346011,19.944610343357,0.170626,0,0,674.13653564453,637.34698486328,174.55390930176,-0.20401602983475,-0.39190477132797,-9.9343175888062
29.458000947721,19.950815123947,19.907498845495,0,0,0,671.86157226563,632.70159912109,174.41070556641,-0.41912445425987,0.18966630101204,-11.017420768738
29.716000954621,19.813584256077,19.749413842052,0,0,0,669.58709716797,628.13024902344,174.29797363281,-0.24144425988197,0.66895604133606,-10.066226005554
29.979500962421,19.618025103413,19.557577789746,0,0,0,667.25451660156,623.52917480469,174.21586608887,-0.77081328630447,0.8261570930481,-10.594324111938
30.232500970364,19.424913000303,19.37696122036,0,0,0,664.97711181641,619.17309570313,174.16743469238,-1.3191825151443,0.84621775150299,-10.184500694275
30.494500977919,19.231534630936,19.171104497435,0,0,0,662.57391357422,614.74334716797,174.15065002441,-1.4707562923431,1.0372244119644,-9.351411819458
30.747500985861,19.043050188373,18.957047345813,0,0,0,660.20745849609,610.56494140625,174.15408325195,-2.1948623657227,1.260999917984,-10.283634185791
31.005000994541,18.842067517717,18.69670602071,0,0,0,657.71057128906,606.41491699219,174.19927978516,-2.5343556404114,0.9247310757637,-10.910264015198
31.266001001932,18.554757550744,18.438067401943,0,0,0,655.07989501953,602.35125732422,174.2795715332,-2.9200472831726,1.2006776332855,-10.174961090088
31.523501008749,18.273742220377,18.151346389677,0,0,0,652.38189697266,598.52203369141,174.38548278809,-2.0131177902222,1.7406003475189,-9.9881811141968
31.781501015648,17.987174983548,17.86811585482,0,0,0,649.54547119141,594.85247802734,174.49291992188,-3.5582184791565,0.66865682601929,-10.472772598267
32.0325010214,17.776730344261,17.6195135023,0.095232,0,0,646.66003417969,591.47210693359,174.59805297852,-3.5023002624512,-0.35895973443985,-10.07403755188
32.295001027174,17.689578828216,17.520139659677,0.142855,0,0,643.49743652344,588.12866210938,174.70402526855,-3.5332570075989,0.6727266907692,-10.280261039734
32.557001032867,17.680630815125,17.516321268931,0.238087,0,0,640.193359375,584.94830322266,174.81153869629,-2.4342293739319,0.62036639451981,-9.144082069397
32.812501039356,17.850163715467,17.64774318229,0.384909,0,0,636.8486328125,581.97198486328,174.91787719727,-2.016143321991,-1.924055814743,-10.023623466492
33.073501046747,18.072476853868,17.860107539332,0.396826,0,0,633.26818847656,579.00140380859,175.03405761719,-1.448903799057,0.04508501291275,-9.4224424362183
33.329001053236,18.281383389978,18.06739979143,0.400793,0,0,629.62854003906,576.18933105469,175.14805603027,-2.6748535633087,-1.3537000417709,-9.9802017211914
33.579501060769,18.501264622296,18.291896065966,0.400793,0,0,625.92858886719,573.52954101563,175.26425170898,-1.8031694889069,-0.89231377840042,-10.152658462524
33.836501067504,18.698331927184,18.523131234935,0.400793,0,0,621.98974609375,570.873046875,175.38900756836,-1.9944652318954,-0.8354480266571,-9.8044033050537
34.093001074158,18.923896392354,18.756334501029,0.380942,0,0,617.95513916016,568.28723144531,175.51187133789,-1.5317885875702,-0.92350989580154,-10.598947525024
34.348501080647,19.075229656788,18.951567684337,0.341268,0,0,613.84356689453,565.74035644531,175.63772583008,-0.97127938270569,-0.7232101559639,-10.245223999023
34.601501086727,19.246027839619,19.140030425449,0.373007,0,0,609.73370361328,563.22698974609,175.76704406738,0.12985643744469,-0.65044569969177,-9.9119968414307
34.863501092419,19.456141387272,19.338078694781,0.369039,0,0,605.42620849609,560.57391357422,175.9038848877,0.93037831783295,-1.0525923967361,-9.3816165924072
35.125501098111,19.380295541429,19.394808836673,0,0,0,601.11981201172,557.87017822266,176.04014587402,0.50465303659439,1.1005529165268,-10.134452819824
35.378001104109,19.102663765141,19.159264765312,0,0,0,597.05151367188,555.24261474609,176.17558288574,1.5466064214706,1.0883766412735,-9.3596105575562
35.635501110926,18.845013917721,18.902099570601,0,0,0,593.00372314453,552.50823974609,176.30500793457,1.951171875,0.78727406263351,-10.088042259216
35.891001117416,18.560806382329,18.641094440575,0,0,0,589.11706542969,549.72473144531,176.43388366699,1.9348976612091,1.2541682720184,-9.9517011642456
36.144501123577,18.32155250104,18.387556807712,0.011902,0,0,585.40447998047,546.87854003906,176.55715942383,3.9084761142731,0.99198025465012,-9.9375648498535
36.395501129329,18.030056607059,18.154546814325,0,0,0,581.8837890625,543.94781494141,176.67283630371,4.4632368087769,1.2553291320801,-9.1799669265747
36.65200113412,17.731566777835,17.91087094714,0,0,0,578.50762939453,540.80694580078,176.78831481934,4.5909008979797,0.6854647397995,-9.5160074234009
36.905001138337,17.428610996509,17.617320267357,0.031739,0,0,575.46881103516,537.51818847656,176.89360046387,6.002899646759,0.36799263954163,-10.243914604187
37.157501142472,17.210396699542,17.358380102345,0.083329,0,0,572.77459716797,534.03002929688,176.99380493164,6.1532964706421,0.44940686225891,-10.163477897644
37.413001147099,17.080646619524,17.181852067566,0.126986,0,0,570.43243408203,530.32745361328,177.08633422852,6.1416959762573,0.38319262862206,-9.8130702972412
37.669501155615,17.043706843324,17.090596017455,0.253971,0,0,568.44842529297,526.43505859375,177.17086791992,7.0271072387695,0.49206727743149,-9.9145269393921
37.928001164459,17.169980864351,17.162809548588,0.35317,0,0,566.79235839844,522.32080078125,177.24949645996,5.4656324386597,-1.7679002285004,-9.6217737197876
38.186501173303,17.365309348121,17.353271377569,0.384909,0,0,565.47412109375,518.07037353516,177.30828857422,6.3077459335327,-1.5077426433563,-10.101644515991
38.441001183353,17.606534757969,17.574437921697,0.384909,0,0,564.47808837891,513.72857666016,177.32263183594,4.4802556037903,-0.20482654869556,-9.4041738510132
38.704001192935,17.854677584061,17.836554430226,0.448402,0,0,563.76922607422,509.09722900391,177.30453491211,5.6939477920532,-1.0569040775299,-8.675500869751
38.96100119967,18.190982144644,18.1478670627,0.50782,0,0,563.40386962891,504.45529174805,177.24145507813,4.8000535964966,-1.4553850889206,-10.280020713806
39.211001205258,18.532020026038,18.477293661775,0.578134,0,0,563.36657714844,499.8630065918,177.15687561035,5.8541269302368,-1.7626297473907,-9.5093021392822
39.461501210928,18.916864022388,18.83103446619,0.566415,0,0,563.64270019531,495.19219970703,177.03489685059,4.4819874763489,-1.1885567903519,-8.8441104888916
39.722501216456,19.280719396885,19.219018700521,0.570321,0,0,564.27612304688,490.24215698242,176.88023376465,4.6201267242432,-1.1291080713272,-9.0883045196533
39.980501221493,19.684444904109,19.603484669775,0.58204,0,0,565.26641845703,485.31832885742,176.69430541992,5.7274193763733,-1.9020793437958,-9.5398483276367
40.235001225956,20.096859420334,19.981612049406,0.554696,0,0,566.62078857422,480.44174194336,176.48544311523,5.5966320037842,-1.0026772022247,-9.1645469665527
40.492001230828,20.402625249136,20.324844438666,0.396826,0,0,568.38037109375,475.56753540039,176.25550842285,6.7420377731323,-1.5050690174103,-9.6542387008667
40.750001235865,20.632158348591,20.580247772734,0.293645,0,0,570.56707763672,470.74588012695,176.00170898438,5.9782638549805,-1.8596727848053,-10.437895774841
41.00000123959,20.531976473062,20.683819903951,0.063493,0,0,573.07171630859,466.23428344727,175.74447631836,7.0656414031982,0.52337795495987,-9.0035381317139
41.261501243338,20.396083070482,20.565910258286,0.031739,0,0,576.05700683594,461.75625610352,175.46200561523,6.3347182273865,-0.017986252903938,-10.511022567749
41.519501248375,20.392687761722,20.41487848978,0.146822,0,0,579.29791259766,457.6266784668,175.18179321289,4.6244239807129,-0.42537105083466,-9.3909196853638
41.780001253821,20.554298128218,20.45752612271,0.226184,0,0,582.82159423828,453.61953735352,174.89932250977,2.0762350559235,-0.31884780526161,-10.335249900818
42.033001258038,20.818249744613,20.703366834336,0.396826,0,0,586.34075927734,449.79614257813,174.62237548828,0.28105920553207,-1.7606859207153,-9.7602043151855
42.291501263157,21.254443665903,21.10070610514,0.570321,0,0,590.02142333984,445.82055664063,174.33563232422,-4.2229542732239,0.0072247982025146,-11.441380500793
42.551001268439,21.519079506943,21.504804004116,0.636728,0,0,593.78198242188,441.75881958008,174.04254150391,1.7309904098511,-1.6178588867188,-10.899360656738
42.80500127282,21.989282893792,21.97389313406,0.703136,0,0,597.62799072266,437.77355957031,173.76374816895,2.7123184204102,-2.0919826030731,-9.8252325057983
43.062501277775,22.461019912021,22.432839296291,0.718761,0,0,601.72406005859,433.74530029297,173.47317504883,2.3698415756226,-1.9799313545227,-9.4014377593994
43.318001282401,22.901151533001,22.866032411337,0.722667,0,0,605.9697265625,429.79095458984,173.18579101563,2.245575428009,-2.0561325550079,-8.9150857925415
43.572001286782,23.347313452871,23.291026546336,0.726574,0,0,610.36901855469,425.89358520508,172.90814208984,2.1875500679016,-1.3708016872406,-10.417532920837
43.826001291163,23.406525411004,23.468566905223,0.746105,0,0,614.89440917969,422.03961181641,172.65093994141,1.2572221755981,0.70340120792389,-10.227668762207
44.080001295544,23.401053990917,23.409353920739,0.753902,0,0,619.46380615234,418.23382568359,172.4123840332,-0.42008793354034,0.54574435949326,-9.8011503219604
44.337001300417,23.742187161001,23.663206681836,0.605478,0,0,624.12103271484,414.37023925781,172.18759155273,0.32793733477592,-1.9538035392761,-10.024244308472
44.59150130488,23.983704056834,23.940258209107,0.309514,0,0,628.79028320313,410.49063110352,171.98194885254,0.53646171092987,-0.38164490461349,-9.7061986923218
44.850001309998,24.128046063568,24.090392066919,0.297612,0,0,633.57604980469,406.52514648438,171.7970123291,0.26666387915611,0.011101335287094,-8.9900798797607
45.107001314871,24.367815858944,24.272472196608,0.472221,0,0,638.37774658203,402.56924438477,171.63119506836,0.25739374756813,-0.45274609327316,-10.479639053345
45.361001319252,24.63479260003,24.524327866252,0.62501,0,0,643.18884277344,398.62576293945,171.48651123047,-0.23284073174,-0.18562802672386,-9.7037401199341
45.612001323141,24.911349005641,24.774060965563,0.718761,0,0,647.99346923828,394.68768310547,171.36273193359,-0.15740846097469,-1.0124808549881,-10.15519618988
45.864501327276,25.14741006565,25.02803364884,0.58204,0,0,652.83978271484,390.70162963867,171.26013183594,0.10397061705589,-1.4621028900146,-11.130780220032
46.117501331493,25.35291641804,25.236559895409,0.349203,0,0,657.7548828125,386.62973022461,171.17686462402,-0.47195345163345,-1.1659363508224,-10.84926700592
46.375001334585,25.320848327464,25.275659016498,0.06746,0,0,662.74475097656,382.4455871582,171.11448669434,-1.1542731523514,0.2411060333252,-11.209911346436
46.627001338638,25.194263723166,25.142996193697,0.063493,0,0,667.55511474609,378.32345581055,171.07420349121,-1.4973912239075,0.23420780897141,-10.670768737793
46.888501342386,25.072673092051,24.991167074794,0.083329,0,0,672.46490478516,373.974609375,171.05029296875,-2.3508236408234,0.14704622328281,-9.7581844329834
47.148501345888,25.005378707594,24.893172188618,0.174594,0,0,677.22229003906,369.57809448242,171.04977416992,-1.722146987915,-0.16513246297836,-9.8975048065186
47.40350134857,25.00213910885,24.877003245125,0.206348,0,0,681.80285644531,365.17071533203,171.07118225098,-1.9273952245712,0.97349607944489,-10.854402542114
47.656001352705,24.776374206146,24.715282397559,0,0,0,686.21875,360.75054931641,171.12162780762,-2.1731536388397,1.7103443145752,-11.007883071899
47.912501357496,24.512144348448,24.422584154735,0,0,0,690.54528808594,356.18908691406,171.20469665527,-3.6825160980225,0.54375916719437,-9.0525751113892
48.164501361549,24.238004440434,24.099849616209,0,0,0,694.56518554688,351.62139892578,171.30795288086,-5.1102604866028,1.8244224786758,-9.5814304351807
48.415501365438,23.937080908688,23.750278774848,0.039689,0,0,698.29870605469,346.92687988281,171.43801879883,-6.2748804092407,0.98489159345627,-9.4719219207764
48.667001369409,23.64466797594,23.415678686739,0.055558,0,0,701.68157958984,342.0934753418,171.5936126709,-7.1395578384399,1.3250209093094,-10.701251983643
48.922001373954,23.328977935477,23.052219268431,0.079362,0,0,704.71166992188,337.01501464844,171.77822875977,-7.1831955909729,1.3268321752548,-9.1896200180054
49.182001379319,23.042340128491,22.69409739129,0.166659,0,0,707.31500244141,331.70788574219,171.98408508301,-7.9855661392212,1.1388666629791,-10.191855430603
49.432001383044,22.89087688714,22.351948099376,0.273808,0,0,709.33258056641,326.47546386719,172.20198059082,-9.1181230545044,0.90726339817047,-9.8732509613037
49.683501387015,22.63123902287,22.060585683772,0.341268,0,0,710.86096191406,321.12734985352,172.43322753906,-7.628589630127,0.41840323805809,-9.0691394805908
49.943001392297,22.363615491892,21.789366696418,0.365072,0,0,711.91845703125,315.55828857422,172.68118286133,-6.4120035171509,0.73257517814636,-9.3150081634521
50.193001397885,22.048628309885,21.534550967275,0.404761,0,0,712.4580078125,310.19018554688,172.91972351074,-7.348925113678,0.69915133714676,-9.2824277877808
50.452501403168,21.863145913311,21.274858956519,0.460304,0,0,712.53051757813,304.65859985352,173.17953491211,-7.226743221283,0.88633757829666,-9.8505439758301
50.710001408122,21.703706212626,21.051693301208,0.511727,0,0,712.11260986328,299.24609375,173.44676208496,-7.6825218200684,0.7327207326889,-10.220046043396
50.968001413159,21.561328829112,20.910864624991,0.460304,0,0,711.19635009766,293.93005371094,173.70819091797,-7.3365340232849,-0.49677085876465,-9.1279916763306
51.226001418196,21.137490581458,20.956100460572,0.142855,0,0,709.80407714844,288.71865844727,173.9600982666,-5.1205644607544,-0.52539891004562,-9.7792778015137
51.485501423478,21.024709492975,21.019317772922,0.257939,0,0,708.12786865234,283.53939819336,174.20840454102,1.1389230489731,0.4224442243576,-9.5886335372925
51.739001427777,21.062051551438,21.017371981532,0.384909,0,0,706.57043457031,278.43588256836,174.46463012695,3.8191320896149,0.61653846502304,-11.428438186646
51.997501431033,21.074285268599,20.94077885015,0.480156,0,0,705.21362304688,273.18817138672,174.77722167969,2.2559118270874,-0.45288330316544,-10.53172492981
52.252501433715,21.138241057462,20.944736131616,0.58204,0,0,703.98706054688,268.00317382813,175.09356689453,-0.96218210458755,-0.11200562119484,-8.8476219177246
52.508501436561,21.199788242548,21.006928050804,0.773434,0,0,702.67486572266,262.81546020508,175.41233825684,-2.1736834049225,-1.4806325435638,-10.409802436829
52.761501440778,21.300884828432,21.100950429549,0.992187,0,0,701.22631835938,257.70385742188,175.72201538086,-2.6291065216064,-0.63178592920303,-10.292211532593
53.014501444995,21.353302634229,21.186614300817,1,0,0,699.62451171875,252.58476257324,176.03759765625,-1.7180752754211,-0.44612738490105,-9.6053524017334
53.273001448251,21.459858308049,21.246010467962,1,0,0,697.85192871094,247.40301513672,176.35708618164,-2.1692306995392,-0.25440856814384,-9.0041160583496
53.533501451835,21.515133540836,21.334597252527,1,0,0,695.91778564453,242.23388671875,176.66984558105,-2.5069155693054,-0.33788722753525,-10.701473236084
53.794501457363,21.599251522031,21.426842329342,1,0,0,693.81604003906,237.06993103027,176.98295593262,-1.7387689352036,-0.64528381824493,-9.9645318984985
54.055501462892,21.707098698187,21.522399466812,1,0,0,691.57891845703,231.93489074707,177.28659057617,-1.8939938545227,-0.22008456289768,-9.9225749969482
54.311501469463,21.786946198398,21.615268853969,1,0,0,689.2705078125,226.94674682617,177.57662963867,-1.3477989435196,-0.62423038482666,-9.8347368240356
54.572001476772,21.89653609517,21.709648492964,1,0,0,686.78985595703,221.88084411621,177.86207580566,-1.9627639055252,-0.51746183633804,-9.8618383407593
54.827001481317,22.00509541042,21.822398999483,1,0,0,684.22680664063,216.93440246582,178.12977600098,-2.4642775058746,-0.30901610851288,-10.850045204163
55.082501485944,22.141859580274,21.935285852158,1,0,0,681.53509521484,212.0111541748,178.3807220459,-2.24795794487,0.24518974125385,-10.139585494995
55.33950150013,22.243490727385,22.057794338953,1,0,0,678.70825195313,207.10270690918,178.6117401123,-1.9456808567047,-0.35751113295555,-9.1327600479126
55.594501516782,22.378216356802,22.175885159952,1,0,0,675.78588867188,202.28848266602,178.81700134277,-2.2934045791626,-0.44977414608002,-10.225195884705
55.851001531817,22.492854605341,22.318720425587,1,0,0,672.6982421875,197.47308349609,178.99462890625,-2.4783592224121,-0.75962197780609,-8.6544103622437
56.103501550853,22.70364901987,22.461976907035,1,0,0,669.50860595703,192.80041503906,179.12814331055,-2.7929601669312,-1.0529264211655,-9.6691951751709
56.363001571968,22.882516281687,22.619230260353,1,0,0,666.04241943359,188.08172607422,179.2332611084,-3.1175951957703,-0.94116842746735,-9.0868740081787
56.617501588538,23.050435641286,22.758305361294,1,0,0,662.43463134766,183.56568908691,179.3095703125,-4.1895589828491,-0.58484977483749,-9.9215145111084
56.870001608506,23.229736612674,22.839472173045,1,0,0,658.61566162109,179.2523651123,179.38049316406,-5.6987099647522,0.073934823274612,-9.3757276535034
57.121501629241,23.427951194655,22.869489745032,1,0,0,654.52996826172,175.2093963623,179.45004272461,-6.5431308746338,0.17202651500702,-9.8799390792847
57.373001649976,23.49732734916,22.920715939205,1,0,0,650.12677001953,171.49906921387,179.52828979492,-7.1411838531494,-0.70634371042252,-9.6638889312744
57.623501670547,23.494897966196,23.019458931097,1,0,0,645.42999267578,168.1756439209,179.62197875977,-7.1587510108948,-0.76770496368408,-10.59429359436
57.873501691036,23.480344910899,23.145396331429,1,0,0,640.4755859375,165.2074432373,179.74438476563,-5.3495688438416,-0.38685727119446,-10.36743927002
58.128001708537,23.532985954777,23.295278176551,1,0,0,635.23742675781,162.46215820313,179.91006469727,-3.1630351543427,-1.3679866790771,-9.9408168792725
58.386001721025,23.608188675868,23.409413375879,1,0,0,629.79644775391,159.87362670898,180.12661743164,-2.4868094921112,-0.25077727437019,-9.9010152816772
58.647501727566,23.732186532849,23.5282257652,0.996094,0,0,624.19244384766,157.39823913574,180.39866638184,-1.3408784866333,-0.58847987651825,-10.559763908386
58.903501743451,23.813564232462,23.636075017407,0.945312,0,0,618.61474609375,155.0587310791,180.71002197266,-1.3959523439407,-0.07378688454628,-10.515946388245
59.160001758486,23.883917360766,23.724024465422,0.933593,0,0,612.99291992188,152.77331542969,181.06733703613,-1.0510672330856,0.46731281280518,-10.510199546814
59.418001770973,23.938004495483,23.791115023085,0.738293,0,0,607.30560302734,150.51545715332,181.46603393555,-0.33205154538155,-0.09695702791214,-10.11319065094
59.677501780912,23.636778783216,23.606916758167,0,0,0,601.58856201172,148.28271484375,181.91040039063,-0.044132232666016,1.4817246198654,-11.08278465271
59.937001791783,23.109535011458,23.157813254365,0.261906,0.337301,0,595.97772216797,146.12428283691,182.37446594238,-0.17951986193657,2.9789397716522,-9.0315628051758
60.190501796082,21.254750061443,21.758519558796,0.58204,0.539071,0,590.74353027344,144.12994384766,182.83865356445,-0.1257141828537,7.1215114593506,-9.1663665771484
60.444001802243,19.582691898745,20.053265893632,0.345235,0.499992,0,585.88787841797,142.29829406738,183.27600097656,-0.38976526260376,6.5397357940674,-9.5047283172607
60.696501808241,17.838135626312,18.317947017994,0.226184,0.554696,0,581.43988037109,140.63856506348,183.66363525391,-1.025098323822,7.2542290687561,-9.3845071792603
60.948001814075,15.689280429827,16.326031635795,0.329366,0.714855,0,577.45709228516,139.17037963867,184.01379394531,-0.14058496057987,8.3166208267212,-9.0607013702393
61.206501819193,13.467041453318,14.053952705199,0.35317,0.734386,0,573.88793945313,137.87286376953,184.32406616211,-0.41101866960526,9.1905651092529,-8.9826793670654
61.466501824558,11.246782687375,11.746794324923,0.341268,0.726574,0,570.85461425781,136.78367614746,184.58166503906,0.064819633960724,8.8489742279053,-8.659725189209
61.72350182943,9.1296877466844,9.4661742710574,0.28571,0.667979,0,568.40686035156,135.91102600098,184.78309631348,0.41420662403107,10.553734779358,-7.0697727203369
61.981501834467,7.2367712773035,7.4085149381983,0.119051,0.539071,0,566.46759033203,135.21951293945,184.94253540039,-0.89588707685471,9.0375909805298,-11.093650817871
62.239001839422,5.7110360796585,5.7777085127582,0,0.277775,0,564.96307373047,134.67642211914,185.06842041016,0.045202545821667,5.3104701042175,-10.099870681763
62.491501845419,4.9643240273759,4.9266600338346,0,0,0,563.76037597656,134.2380065918,185.16146850586,0.18815083801746,0.81489211320877,-9.328742980957
62.748501850292,4.6524116183548,4.6440854345522,0,0,0,562.62756347656,133.81698608398,185.2589263916,-0.027219764888287,1.1323496103287,-9.5880489349365
63.009001855738,4.4732894518464,4.4044080316942,0.111116,0,0,561.53912353516,133.41014099121,185.34446716309,0.59270018339157,-0.61001288890839,-10.737797737122
63.270001861267,4.4052830337798,4.3309354439675,0.361105,0,0,560.48150634766,133.00675964355,185.43721008301,0.86256116628647,4.9094796180725,-9.7885398864746
63.52200186532,4.3619968438692,4.3609295813286,0.523445,0,0,559.45916748047,132.60752868652,185.51731872559,1.1250947713852,3.3430442810059,-10.70564365387
63.772001869045,4.3383059971403,4.3330585721199,0.68751,0,0,558.45440673828,132.2014465332,185.59870910645,0.88312244415283,3.6762201786041,-10.438474655151
64.031001872383,4.4767446845623,4.3345288828815,0.781247,0,0,557.42004394531,131.76898193359,185.68603515625,1.4813050031662,3.7705037593842,-11.822599411011
64.289501875639,4.2574732749786,4.3631935671709,0.914061,0,0,556.38513183594,131.32913208008,185.76362609863,-0.8269110918045,-1.5792163610458,-6.801863193512
64.541501879692,4.2610354695471,4.3644161734745,0.910155,0,0,555.38580322266,130.89225769043,185.84980773926,-0.94341933727264,-2.2976779937744,-8.1248207092285
64.803501883522,4.3625714606722,4.3425074136454,0.812497,0,0,554.34808349609,130.4358215332,185.92655944824,0.44307494163513,4.6069259643555,-9.5854339599609
65.058501888067,4.3718619257102,4.3486626063678,0.667979,0,0,553.33850097656,129.97535705566,186.01457214355,0.3740816116333,4.9084086418152,-10.864556312561
65.310001892038,4.365348630847,4.3487362761172,0.593759,0,0,552.34582519531,129.51722717285,186.08868408203,1.0141122341156,4.1892876625061,-10.104293823242
65.565501895733,4.3587814411638,4.368373686567,0.613291,0,0,551.33685302734,129.04347229004,186.17300415039,-1.197904586792,-3.0080630779266,-4.3069686889648
65.826001903974,4.4932052811925,4.3548423251135,0.65626,0,0,550.31396484375,128.55979919434,186.2534942627,0.9559673666954,4.1027536392212,-12.21987247467
66.080001906492,4.3295038915185,4.3731439818203,0.789059,0,0,549.31091308594,128.0899810791,186.33464050293,-1.1857064962387,-3.6675219535828,-7.5585746765137
66.33650190942,4.5307089858828,4.3215747463874,0.874998,0,0,548.29534912109,127.64110565186,186.41673278809,0.068735532462597,3.8280880451202,-10.213532447815
66.596501912922,4.5366361112748,4.2667713782783,0.937499,0,0,547.25732421875,127.2453994751,186.49131774902,-1.3076893091202,-2.5927584171295,-7.263032913208
66.846501919441,4.3828368608839,4.2562841906822,0.945312,0,0,546.24291992188,126.93144989014,186.57247924805,-0.96854746341705,2.8015432357788,-8.2605714797974
67.10600192938,4.3337814449669,4.3110063503836,0.964843,0,0,545.16827392578,126.65491485596,186.64814758301,-0.97354543209076,-2.5247776508331,-7.6938581466675
67.367001936771,4.436714796334,4.3732467184433,0.988281,0,0,544.06597900391,126.40811157227,186.72659301758,-1.6844069957733,-2.6393291950226,-7.1807503700256
67.627001945861,4.6125120069711,4.440806002867,0.992187,0,0,542.94403076172,126.15893554688,186.80688476563,0.059865161776543,0.43155366182327,-11.915793418884
67.878501954488,4.375693790308,4.4948202322762,1,0,0,541.85284423828,125.90856170654,186.88218688965,-0.6783612370491,-2.6146929264069,-8.3812618255615
68.132001956925,4.6631927236107,4.4962507068169,1,0,0,540.74578857422,125.64093017578,186.96136474609,0.93695062398911,4.6868028640747,-12.252883911133
68.385001959279,4.4974975643805,4.557331486902,1,0,0,539.63763427734,125.35198974609,187.03639221191,-0.56732332706451,-4.2047529220581,-6.6339883804321
68.641001962125,4.5129462048405,4.5837182909001,1,0,0,538.51489257813,125.03017425537,187.11701965332,1.1647676229477,3.4494915008545,-8.8235654830933
68.899001965299,4.5211698697597,4.6395029849676,1,0,0,537.38647460938,124.66745758057,187.19267272949,-0.392782330513,-4.8634610176086,-6.8816661834717
69.1535019679,4.5773222692667,4.6499972409556,1,0,0,536.27874755859,124.25441741943,187.26936340332,1.7248977422714,2.7506911754608,-8.240517616272
69.415501975454,4.609803252317,4.6880809297326,1,0,0,535.15386962891,123.78082275391,187.34136962891,1.5635875463486,1.2545635700226,-7.1821446418762
69.665501981042,4.649859159228,4.7442080327489,1,0,0,534.09075927734,123.28369140625,187.41067504883,0.94743037223816,-3.5165271759033,-11.211562156677
69.917501986958,4.8322952868021,4.7841464773799,1,0,0,533.02593994141,122.73289489746,187.4741973877,1.3574007749557,-4.2625999450684,-13.372993469238
70.170501993038,4.8496883700815,4.8342473067219,1,0,0,531.97290039063,122.12264251709,187.54321289063,1.4152485132217,0.72137141227722,-5.36878490448
70.42100200057,4.8016275752883,4.9047933588808,1,0,0,530.94860839844,121.46070098877,187.60140991211,1.050840139389,-1.7778816223145,-16.188140869141
70.672002008185,4.8279505067142,4.9486172169115,1,0,0,529.94366455078,120.73644256592,187.67288208008,0.34711903333664,1.2027004957199,-9.3660411834717
70.926002012566,5.0741473733148,4.9973311910415,1,0,0,528.95092773438,119.9430847168,187.72909545898,2.3285822868347,4.2537155151367,-15.445007324219
71.176002018154,4.9612580172105,5.0480723219088,1,0,0,528.00323486328,119.11502838135,187.79640197754,-0.66574192047119,-4.0243091583252,-7.462673664093
71.437002025545,5.0753662455665,5.1041964641371,1,0,0,527.02691650391,118.2223739624,187.85272216797,-0.1127143651247,-1.1090208292007,-9.4576597213745
71.696502028964,5.2969376555735,5.1358693000474,1,0,0,526.06591796875,117.30767822266,187.92027282715,1.2876484394073,3.4914035797119,-12.423571586609
71.947502032854,5.3781916627079,5.2023442079615,1,0,0,525.12896728516,116.40424346924,187.97431945801,0.11881792545319,-1.0347789525986,-13.348731040955
72.205002035946,5.3022847357418,5.2916875430212,0.945312,0,0,524.15612792969,115.45584869385,188.03028869629,1.1411595344543,3.2302668094635,-11.224373817444
72.465502045117,5.4789211116614,5.3984831983253,0.765621,0,0,523.16564941406,114.47325134277,188.08558654785,1.3577066659927,1.708139538765,-11.860820770264
72.717502050102,5.3898002245291,5.4993554437829,0.773434,0,0,522.19836425781,113.48742675781,188.1436920166,-0.051558971405029,-2.8621175289154,-7.5457282066345
72.970502056181,5.4783321380536,5.592668595949,0.843748,0,0,521.23309326172,112.4695892334,188.20030212402,-0.55272889137268,-1.7562408447266,-7.0282859802246
73.222502060235,5.6384184374785,5.6916101764647,0.890623,0,0,520.27215576172,111.41716766357,188.25686645508,-1.2324770689011,-3.7422289848328,-5.4985914230347
73.481002071872,5.8849000823822,5.810989265676,0.898436,0,0,519.29772949219,110.28755187988,188.31523132324,1.8144189119339,1.7004495859146,-11.279559135437
73.73900208436,5.8337697858467,5.9389332531129,0.976562,0,0,518.35589599609,109.09339141846,188.36462402344,0.71951293945313,-1.8465707302094,-9.5830430984497
73.99300210271,6.1107762133854,6.0569232340571,0.992187,0,0,517.47570800781,107.8413772583,188.41612243652,1.9569090604782,2.4486708641052,-10.893621444702
74.248502119444,6.1223945266831,6.1753583807067,0.992187,0,0,516.64349365234,106.50883483887,188.45350646973,1.57561647892,2.5521609783173,-9.831223487854
74.508502128534,6.2037941936736,6.3380850884014,0.992187,0,0,515.85369873047,105.08220672607,188.48413085938,0.86037790775299,-2.0946087837219,-7.5623121261597
74.769002136774,6.3677681762617,6.487040634537,0.996094,0,0,515.10363769531,103.57943725586,188.49760437012,0.60825115442276,-2.0048003196716,-9.0293645858765
75.022502140142,6.8186340467649,6.6486545616725,0.996094,0,0,514.41644287109,102.06109619141,188.50671386719,1.505100607872,1.7934429645538,-8.4270896911621
75.278502142988,6.8146790893303,6.7998623662991,0.996094,0,0,513.74243164063,100.4679107666,188.50308227539,-0.85082590579987,-2.6005899906158,-7.5843019485474
75.532002145424,7.1900483748725,6.9790364708911,1,0,0,513.07843017578,98.836616516113,188.48849487305,1.5115802288055,1.6831512451172,-9.1874198913574
75.784502147697,7.1874763574335,7.1796209514776,1,0,0,512.41802978516,97.16429901123,188.4789276123,-1.3281693458557,-2.6594071388245,-8.1412115097046
76.042002150789,7.562709948306,7.3323808545754,1,0,0,511.73721313477,95.418632507324,188.474609375,0.36142647266388,1.9110345840454,-11.360328674316
76.299502153881,7.71043583289,7.542260542986,1,0,0,511.03756713867,93.623077392578,188.46983337402,-1.210701584816,-3.7348976135254,-6.4607796669006
76.559502157383,7.7941261427721,7.7255508145267,1,0,0,510.30136108398,91.767974853516,188.46395874023,-0.4038057923317,-0.70488077402115,-9.9732294082642
76.811002160423,8.054430539067,7.9073950110842,1,0,0,509.55395507813,89.941017150879,188.45559692383,-0.03348033875227,-1.52088534832,-8.9671688079834
77.062002165243,8.169921938235,8.0958392039816,1,0,0,508.76962280273,88.078010559082,188.44555664063,-0.73432397842407,0.3529766201973,-11.517471313477
77.314502168447,8.4034102856527,8.2704977308174,1,0,0,507.94207763672,86.173828125,188.43351745605,-0.75385051965714,1.4133522510529,-7.465699672699
77.574502177536,8.6505776137318,8.4780923820247,1,0,0,507.04391479492,84.175468444824,188.41954040527,0.070669233798981,1.6895815134048,-11.884110450745
77.832002190873,8.9010933819671,8.6913351679943,1,0,0,506.11163330078,82.16381072998,188.40126037598,-0.43311548233032,-2.9942629337311,-8.1717100143433
78.090502202511,8.9648489566337,8.9081413557326,1,0,0,505.12567138672,80.102272033691,188.3815612793,-0.15372933447361,-0.48040130734444,-7.7650265693665
78.352002209052,9.1743491266595,9.1389263429084,1,0,0,504.08731079102,77.971969604492,188.36074829102,-0.24864222109318,-0.72733008861542,-6.8961710929871
78.606502212584,9.4307749261868,9.3413763803795,1,0,0,503.04919433594,75.850662231445,188.33708190918,0.42910408973694,1.1729892492294,-8.4777069091797
78.857502217405,9.6480465499275,9.552040246064,1,0,0,502.01431274414,73.703628540039,188.31311035156,0.50182795524597,-1.4524416923523,-9.2491483688354
79.109002222307,9.895722492098,9.7597116134917,1,0,0,500.97384643555,71.492294311523,188.28977966309,0.65979337692261,-0.69463634490967,-9.9331035614014
79.370002229698,10.001635198183,9.9667739518417,1,0,0,499.8913269043,69.145843505859,188.26527404785,0.28833672404289,-0.51282089948654,-9.5319204330444
79.627502243035,10.188437126254,10.174054721709,1,0,0,498.8154296875,66.776702880859,188.24102783203,-0.37344568967819,-0.11891683191061,-10.246155738831
79.88450225722,10.502545529879,10.375625187229,1,0,0,497.73013305664,64.359596252441,188.21803283691,-0.32923918962479,-1.9848084449768,-10.588300704956
80.141502271406,10.658104781632,10.576331212848,1,0,0,496.63116455078,61.896244049072,188.19505310059,0.50544399023056,-0.96191102266312,-10.792719841003
80.393502275459,10.845300754194,10.784409243327,1,0,0,495.53579711914,59.425659179688,188.17593383789,-0.20508915185928,-0.94336223602295,-9.658052444458
80.649002279155,11.047192498904,10.991713550078,1,0,0,494.4091796875,56.871593475342,188.1626739502,-1.2035299539566,-0.72734028100967,-10.208558082581
80.900002283975,11.212249118927,11.20033889178,1,0,0,493.29437255859,54.310302734375,188.14361572266,0.33124199509621,-1.2849440574646,-9.0691595077515
81.160502293147,11.47655416056,11.454853886538,1,0,0,492.13873291016,51.593509674072,188.07484436035,0.68047487735748,-1.5648837089539,-8.9058465957642
81.422002296895,11.805166578234,11.756898709101,1,0,0,490.96917724609,48.78288269043,187.93614196777,0.5624452829361,-1.7683804035187,-9.4434719085693
81.676002300344,12.155169903943,12.099535098038,1,0,0,489.81427001953,45.966007232666,187.74385070801,0.24973918497562,-1.8321756124496,-9.5781354904175
81.933502313681,12.58723784618,12.493287909634,1,0,0,488.615234375,43.027389526367,187.49830627441,-0.18553587794304,-2.1537528038025,-9.4624032974243
82.189502329566,12.965614559366,12.902929153135,1,0,0,487.37780761719,40.008827209473,187.21368408203,-0.41700610518456,-1.8423486948013,-10.359669685364
82.449502338655,13.414233093945,13.341103010263,1,0,0,486.07455444336,36.849853515625,186.89250183105,-0.25557065010071,-1.6181069612503,-8.6565361022949
82.709002348594,13.883404270551,13.794848794807,1,0,0,484.7200012207,33.595100402832,186.54536437988,-0.000190369784832,-1.6126652956009,-10.495551109314
82.967502360232,14.345281926494,14.246866505562,1,0,0,483.31506347656,30.257606506348,186.19161987305,-0.57084733247757,-1.642227768898,-10.305313110352
83.218502364121,14.784599993533,14.676123085727,1,0,0,481.88946533203,26.906707763672,185.84515380859,-0.015682801604271,-1.4176473617554,-9.7864503860474
83.471002367325,15.220392104266,15.103262404751,1,0,0,480.4033203125,23.455017089844,185.50875854492,-0.43741962313652,-1.6250886917114,-10.75869178772
83.721002372913,15.599553727485,15.505463264656,1,0,0,478.87271118164,19.941143035889,185.1955871582,-0.39473640918732,-1.736509680748,-9.6961011886597
83.971002378501,16.006268020785,15.888429987718,1,0,0,477.2839050293,16.342821121216,184.91256713867,0.48948472738266,-1.2469267845154,-10.732098579407
84.227002394386,16.383100123449,16.256940579137,1,0,0,475.60147094727,12.567520141602,184.66064453125,-0.16532295942307,-1.4573067426682,-10.660310745239
84.478002415039,16.713302141145,16.594925932563,1,0,0,473.90612792969,8.7980337142944,184.4616394043,-1.1000390052795,-1.3389537334442,-10.332946777344
84.729002432898,17.014477820645,16.876895652477,1,0,0,472.16607666016,4.9612126350403,184.31568908691,-0.84211039543152,-0.51517975330353,-10.392939567566
84.988502442837,17.3043105039,17.150121774817,1,0,0,470.32571411133,0.94129979610443,184.22137451172,-0.38817247748375,-0.72628790140152,-11.154188156128
85.241502446122,17.531985421576,17.370550908372,1,0,0,468.47360229492,-3.0264015197754,184.1884765625,-0.46541637182236,-0.54205799102783,-10.981822967529
85.503502453677,17.677101359707,17.607153941731,1,0,0,466.48913574219,-7.1560425758362,184.1580657959,-2.6070337295532,-1.4385765790939,-7.5292286872864
85.76300245896,18.011689426177,17.918335904727,0.996094,0,0,464.45092773438,-11.294732093811,184.02311706543,-0.18694141507149,-1.1740291118622,-8.5952291488647
86.025002464652,18.339575007697,18.253937950648,0.119051,0,0,462.31848144531,-15.543263435364,183.83068847656,-0.096129924058914,-0.57256984710693,-10.28982925415
86.281502471305,18.275396213664,18.270410760884,0,0,0,460.20550537109,-19.707138061523,183.63427734375,-0.57673615217209,0.19061124324799,-10.092186927795
86.532002478838,17.807858442084,18.068593141542,0.031739,0.472221,0,458.13833618164,-23.75124168396,183.44107055664,0.63994657993317,4.2601289749146,-11.319527626038
86.789502487518,15.41431853776,16.303741469811,0.539071,1,0,456.13998413086,-27.621158599854,183.2912902832,0.24656108021736,9.784158706665,-11.895316123962
87.04000249505,13.22720223512,13.979932460719,0.558602,1,0,454.43212890625,-30.870700836182,183.1888885498,-0.5120108127594,8.9147529602051,-10.093525886536
87.29300250113,11.074676901577,11.687385651292,0.562509,1,0,452.95370483398,-33.624153137207,183.11933898926,-0.20307721197605,8.1802854537964,-10.026381492615
87.553002506495,8.5584489245856,9.2170210602791,0.562509,1,0,451.71160888672,-35.911392211914,183.08457946777,-0.38795816898346,8.1606817245483,-8.8789443969727
87.812002511695,6.5202125507387,6.9678940519572,0.570321,1,0,450.7604675293,-37.637454986572,183.07359313965,-2.3206870555878,8.1470718383789,-15.664624214172
88.068502516486,3.2638668701238,4.6239470080412,0.570321,1,0,450.09234619141,-38.826190948486,183.08973693848,2.4601290225983,9.8128414154053,-10.410706520081
88.32600252144,0.13292340047199,2.1278304459434,0.566415,1,0,449.72766113281,-39.46654510498,183.10136413574,-0.02789600379765,10.025586128235,-7.9230489730835
88.582502526231,0.11284401151247,0.41396206064354,0.519539,0.949218,0,449.68139648438,-39.549877166748,183.10643005371,-0.028693415224552,0.80556285381317,-8.7107172012329
88.845002532005,0.046293883426798,0.14703215201237,0.06746,0.644541,0,449.68048095703,-39.545650482178,183.07870483398,0.30224251747131,3.7610936164856,-11.003662109375
89.106002537534,0.032294708898719,0.057801754792887,0,0.123018,0,449.68453979492,-39.540561676025,183.07731628418,-0.17581303417683,1.6139707565308,-9.9527912139893
89.363002542406,0.074434188380337,0.07931686460708,0,0,0,449.69201660156,-39.525897979736,183.07635498047,0.0032906709238887,0.00090347975492477,-9.9377641677856
89.614002546296,0.052793297548172,0.053423089052802,0,0,0,449.69985961914,-39.511890411377,183.07745361328,0.045095074921846,-0.10817439854145,-9.7195796966553
89.874002549797,0.032365782764754,0.031717163044148,0,0,0,449.70413208008,-39.503131866455,183.07553100586,0.038204617798328,-0.047921489924192,-9.80348777771
90.124502554536,0.041828981302581,0.043669986341337,0,0,0,449.70794677734,-39.495113372803,183.07440185547,0.014466455206275,0.10941608995199,-9.7576751708984
90.382502567023,0.074370473343398,0.074288530185423,0,0,0,449.71490478516,-39.480018615723,183.07258605957,0.072413347661495,0.083718799054623,-9.9158878326416
90.641002578661,0.063750153613104,0.06510148364635,0,0,0,449.72424316406,-39.464126586914,183.07479858398,0.022135645151138,-0.10639804601669,-9.8144884109497
90.901502586901,0.028298221701129,0.027766004286242,0,0,0,449.72991943359,-39.455383300781,183.07582092285,-0.0068882899358869,-0.12450639158487,-9.7636404037476
91.160002598539,0.0063039801594538,0.0078319995096041,0,0,0,449.73065185547,-39.454296112061,183.07501220703,-0.01742528192699,-0.10477375984192,-9.8282117843628
91.415002616122,0.025266046951669,0.025117851753517,0,0,0,449.72790527344,-39.45849609375,183.07514953613,-0.0074637439101934,-0.080482810735703,-9.8067598342896
91.676502623595,0.032755181279013,0.032502642481892,0,0,0,449.72314453125,-39.465709686279,183.07499694824,0.0058535393327475,0.055010005831718,-9.7969017028809
91.936502632685,0.016273162016882,0.016366240958267,0,0,0,449.7200012207,-39.470836639404,183.07470703125,0.033028803765774,0.11525079607964,-9.8205966949463
92.189502652735,0.0083287961527574,0.0081557750219734,0,0,0,449.72030639648,-39.470550537109,183.0750579834,-0.016629289835691,0.046246930956841,-9.7750663757324
92.442002672702,0.015270025807726,0.015701640639615,0,0,0,449.72204589844,-39.467357635498,183.07481384277,0.022999858483672,-0.013074627146125,-9.8400220870972
92.692002693191,0.012505636478212,0.012617235020464,0,0,0,449.72399902344,-39.464462280273,183.07548522949,0.00051109230844304,-0.022694453597069,-9.782413482666
92.943502713926,0.002828124432627,0.0026341016731301,0,0,0,449.72482299805,-39.463161468506,183.07545471191,0.0017919652163982,-0.060396619141102,-9.8064975738525
93.19850273151,0.0023848476552328,0.002490169496533,0,0,0,449.72451782227,-39.463554382324,183.07545471191,-0.016857666894794,0.0063600139692426,-9.811840057373
93.451502751559,0.0024811307551136,0.0027206186274495,0,0,0,449.72421264648,-39.46410369873,183.07534790039,-0.015815891325474,-0.0069284532219172,-9.8145627975464
93.709502772428,0.0012451506412865,0.0010777247027489,0,0,0,449.72399902344,-39.464477539063,183.0753326416,-0.00070015760138631,0.0028461941983551,-9.8124990463257
93.960002792999,0.000325265130188,0.00060348874111808,0,0,0,449.72393798828,-39.464584350586,183.07524108887,-0.0053128190338612,-0.0086325351148844,-9.8126697540283
94.220502814278,8.5570879129273e-05,0.00052061032899266,0,0,0,449.72393798828,-39.464595794678,183.07531738281,-0.0050315288826823,-0.003447825089097,-9.8138475418091
94.480002835393,4.6721274368854e-05,0.00027881988718876,0,0,0,449.7239074707,-39.464576721191,183.0753326416,0.00044240127317607,-0.001460038125515,-9.8054161071777
94.736502846703,0.00015272085920296,0.00029505000857042,0,0,0,449.72393798828,-39.464569091797,183.07530212402,0.0087849553674459,-0.011724261566997,-9.8101253509521
94.991002865136,0.00014253091670439,0.00047966945600081,0,0,0,449.7239074707,-39.464614868164,183.07525634766,0.00031357351690531,0.012371420860291,-9.8059358596802
95.252002886496,0.00016806836555192,0.00042266067459124,0,0,0,449.7239074707,-39.464626312256,183.07530212402,0.0009118978632614,0.0035909959115088,-9.8094577789307
95.502002906986,0.00013794552718018,0.00052543507079275,0,0,0,449.7239074707,-39.464622497559,183.07528686523,0.00098733324557543,-0.0035354131832719,-9.8092498779297
95.757002924569,0.00013716523843907,0.00039893010272237,0,0,0,449.7239074707,-39.464660644531,183.0751953125,-0.0033538863062859,-0.010787175968289,-9.8154897689819
96.014502937905,8.4282542970922e-05,0.00027723229907563,0,0,0,449.7239074707,-39.464664459229,183.07522583008,-0.001978665124625,-0.0080275060608983,-9.8081111907959
96.268502957188,6.8963528867456e-05,0.00024084903748271,0,0,0,449.7239074707,-39.464664459229,183.07522583008,-0.0016521813813597,0.001903660595417,-9.8093509674072
96.525002972223,9.3197747728535e-05,0.00026295580578004,0,0,0,449.7239074707,-39.464660644531,183.07522583008,0.0027975128032267,-0.01334266923368,-9.8083009719849
96.783502983861,9.8846592602837e-05,0.00022666156447731,0,0,0,449.7239074707,-39.464660644531,183.07524108887,-0.0016023924108595,-0.0078429225832224,-9.8084402084351
97.037503002211,9.165435914173e-05,0.00033926658533385,0,0,0,449.7239074707,-39.464656829834,183.07521057129,0.0074815163388848,-0.003705277107656,-9.8060712814331
97.288503022864,0.00016316024057969,0.0018342465386495,0,0,0,449.72378540039,-39.464660644531,183.07536315918,-0.0020281244069338,0.00047607254236937,-9.8054275512695
97.546503035352,0.00011615450092671,0.00094622613150334,0,0,0,449.72387695313,-39.464653015137,183.07542419434,0.0021262927912176,0.0041028941050172,-9.803747177124
97.800503053702,0.00085965221821842,0.0014627741580214,0,0,0,449.72375488281,-39.464599609375,183.07559204102,-0.012220939621329,-0.0042885160073638,-9.829493522644
98.061003074981,0.0022231958905783,0.0024912587317618,0,0,0,449.72393798828,-39.464141845703,183.07586669922,0.00083400995936245,0.013357688672841,-9.8098812103271
98.320503096096,0.00072901708299162,0.0028467653965642,0,0,0,449.72430419922,-39.463661193848,183.07582092285,0.022633418440819,0.0079794488847256,-9.7813119888306
98.581503117457,0.0020719993598642,0.0050385336803363,0,0,0,449.72418212891,-39.463935852051,183.07530212402,0.023713951930404,-0.00065759755671024,-9.8282527923584
98.831503137946,0.0021878516955543,0.0030218675390869,0,0,0,449.72396850586,-39.464603424072,183.0753326416,-0.031558357179165,0.0020076800137758,-9.8070526123047
99.084503157064,0.00018255620719256,0.0011363179710819,0,0,0,449.72384643555,-39.464733123779,183.07524108887,-0.017450857907534,0.00011493125930429,-9.8246688842773
99.336003177799,0.00010096208399866,0.00041600299165365,0,0,0,449.72384643555,-39.464740753174,183.07531738281,0.00012879585847259,0.010350542142987,-9.8079042434692
99.59700319916,6.6577702323495e-05,0.00048469819712154,0,0,0,449.72381591797,-39.464736938477,183.07530212402,0.0022878185845912,0.01875569857657,-9.815242767334
99.850503215566,9.5587679190612e-05,0.00038620527526308,0,0,0,449.72381591797,-39.464733123779,183.07528686523,-0.0028644676785916,0.023377642035484,-9.8063383102417
100.11000323668,0.00010929402341027,0.00040672496573572,0,0,0,449.72381591797,-39.464729309082,183.07530212402,-0.0098276594653726,-0.003096841275692,-9.8104095458984
100.36600325163,8.0359004427552e-05,0.00031940404949716,0,0,0,449.72381591797,-39.464721679688,183.07530212402,-0.0032490626908839,0.012456545606256,-9.8080196380615
100.62700325903,0.00011033274621423,0.00027798424543722,0,0,0,449.72381591797,-39.464714050293,183.07530212402,-0.0038543441332877,-0.0034105563536286,-9.8044662475586
100.88000327814,8.6259728456243e-05,0.00032307697844149,0,0,0,449.72381591797,-39.464706420898,183.07531738281,0.0053057163022459,-0.0077023115009069,-9.8018598556519
101.1360032931,6.482301356909e-05,0.00032435474084409,0,0,0,449.72381591797,-39.464706420898,183.07531738281,0.002124878577888,-0.007263551466167,-9.8026008605957
101.38800331391,6.9498879209122e-05,0.00036074241151385,0,0,0,449.72381591797,-39.464710235596,183.07528686523,0.0042462055571377,0.0028543029911816,-9.8052244186401
101.64200332109,7.9826251837079e-05,0.00024095418422972,0,0,0,449.72384643555,-39.464714050293,183.07531738281,0.00088914530351758,-0.013971026055515,-9.805703163147
101.89750332572,9.4460511605835e-05,0.00027302839683046,0,0,0,449.72381591797,-39.46471786499,183.07530212402,-0.001283886958845,0.016639534384012,-9.8090953826904
102.1485033296,7.0926706397751e-05,0.00028556924070346,0,0,0,449.72381591797,-39.464721679688,183.07530212402,-0.0021506177727133,-0.0094856563955545,-9.8058881759644
102.40850333497,9.840595215356e-05,0.00021512340087956,0,0,0,449.72384643555,-39.464725494385,183.07530212402,-0.0011579799465835,0.0030138487927616,-9.8064107894897
102.66900334042,5.3754105990266e-05,0.00023039878373862,0,0,0,449.72381591797,-39.464721679688,183.07530212402,0.0023658503778279,0.0091497134417295,-9.8096351623535
102.9230033448,8.0386065545448e-05,0.00024314881107267,0,0,0,449.72381591797,-39.46471786499,183.07528686523,-0.0044685737229884,-0.005954759195447,-9.8086881637573
103.18400335312,0.00010130243392231,0.00027713454893391,0,0,0,449.72381591797,-39.46471786499,183.07530212402,0.0033558486029506,0.0057433908805251,-9.8039827346802
103.43600337207,0.00010140406551295,0.00020904064524492,0,0,0,449.72381591797,-39.46471786499,183.07531738281,-0.0038698031567037,0.0076251211576164,-9.8045902252197
103.6925033927,9.1788564081171e-05,0.00018482207855731,0,0,0,449.72381591797,-39.46471786499,183.07528686523,-0.0015204274095595,0.00031923165079206,-9.8105640411377
103.94800341316,8.7603954105738e-05,0.00024836099615702,0,0,0,449.72384643555,-39.46471786499,183.07531738281,-0.0022449628449976,0.0051314420998096,-9.8035802841187
104.20450343378,4.6094723519675e-05,0.00026620717311179,0,0,0,449.72381591797,-39.46471786499,183.07530212402,0.0055540134198964,0.015271814540029,-9.8059549331665
104.46150345448,0.00010151546545213,0.00031232615470825,0,0,0,449.72381591797,-39.46471786499,183.07531738281,0.0056391647085547,-0.0034802844747901,-9.8028888702393
104.72300347313,0.00010419631893616,0.00024791234991557,0,0,0,449.72381591797,-39.46471786499,183.07530212402,0.0015886323526502,-0.0083077438175678,-9.810019493103
104.97900348902,5.4418129094192e-05,0.00023394394144497,0,0,0,449.72384643555,-39.46471786499,183.07531738281,-0.006172095425427,-0.0040348893962801,-9.8042297363281
105.2395035103,0.00010001000712532,0.00027679970605434,0,0,0,449.72381591797,-39.46471786499,183.07530212402,-0.0015575794968754,-0.013838083483279,-9.8057565689087
105.49750353117,7.2985254450396e-05,0.00022053956017383,0,0,0,449.72381591797,-39.46471786499,183.07530212402,-0.002978248288855,-0.00071804085746408,-9.8068237304688
105.75250355154,7.5596396061102e-05,0.00023492199043359,0,0,0,449.72381591797,-39.464714050293,183.07530212402,-0.00033357110805809,-0.0033061606809497,-9.8022909164429
106.00850357208,7.7774834392973e-05,0.00024345338175259,0,0,0,449.72381591797,-39.464714050293,183.07530212402,0.0012368457391858,-0.004036158323288,-9.8097457885742
106.26300359238,5.7704542554702e-05,0.00021939406734017,0,0,0,449.72381591797,-39.46471786499,183.07530212402,-0.0018824844155461,-0.0024209721013904,-9.810453414917
106.51900361292,0.00010136751028689,0.00028175000066255,0,0,0,449.72381591797,-39.46471786499,183.07528686523,0.00050913472659886,0.011694703251123,-9.8087892532349
106.77850363404,6.5232575814206e-05,0.00020753117159054,0,0,0,449.72381591797,-39.46471786499,183.07531738281,-0.0055650831200182,0.003078943118453,-9.8077611923218
107.03950365353,6.6846403663476e-05,0.00031137385649556,0,0,0,449.72381591797,-39.46471786499,183.07528686523,0.0018888525664806,-0.0017261984758079,-9.8061876296997
107.29500367027,5.0638476437259e-05,0.00024152083476776,0,0,0,449.72381591797,-39.464721679688,183.07530212402,0.0032381126657128,0.0031207366846502,-9.8065881729126
107.54900367931,8.2545490931788e-05,0.0002302114236158,0,0,0,449.72384643555,-39.464721679688,183.07530212402,-0.0030704019591212,0.01117130741477,-9.8055725097656
107.80750368256,0.000106140888337,0.00025560435987106,0,0,0,449.72381591797,-39.46471786499,183.07530212402,-0.001895792549476,0.0034992545843124,-9.8114261627197
108.05850368924,5.2159564333817e-05,0.00029495513284874,0,0,0,449.72381591797,-39.46471786499,183.07531738281,-0.00083202752284706,-0.011856303550303,-9.8058071136475
108.31450370513,6.439094052307e-05,0.00022513069412558,0,0,0,449.72381591797,-39.46471786499,183.07528686523,-0.0018289361614734,-4.3037114664912e-05,-9.8100328445435
108.57550371252,7.0631227062668e-05,0.00021081277205155,0,0,0,449.72381591797,-39.46471786499,183.07530212402,-0.00061426986940205,-0.012630639597774,-9.8111009597778
108.83450372331,0.00011010767353964,0.0002873836439233,0,0,0,449.72381591797,-39.46471786499,183.07531738281,-0.0048528714105487,0.0061682341620326,-9.8028717041016
109.08800372574,8.7752130331959e-05,0.00025852304171312,0,0,0,449.72381591797,-39.46471786499,183.07528686523,0.0015136629808694,-0.015777934342623,-9.8127403259277
109.34850373399,4.7616397011559e-05,0.0002165970218883,0,0,0,449.72381591797,-39.46471786499,183.07530212402,0.004260441288352,-4.0562823414803e-05,-9.8061304092407
109.60700374562,4.6467158758519e-05,0.00022808707163686,0,0,0,449.72381591797,-39.46471786499,183.07530212402,-0.00062578544020653,-0.001959259621799,-9.8103322982788
109.86450375896,5.3682659980143e-05,0.0002552801143731,0,0,0,449.72381591797,-39.46471786499,183.07530212402,0.0025421942118555,-0.0080524105578661,-9.8040456771851
110.11600377876,0.00010889941480649,0.00024106318654589,0,0,0,449.72381591797,-39.46471786499,183.07530212402,-0.0010686878813431,0.011251054704189,-9.8083896636963
110.37550379988,0.0001053616733122,0.00023703184138688,0,0,0,449.72381591797,-39.46471786499,183.07530212402,-0.0017375433817506,-0.01376420725137,-9.8078536987305
110.63550382107,4.5104583924384e-05,0.00022905913001698,0,0,0,449.72384643555,-39.46471786499,183.07530212402,-0.00060202134773135,-0.0033606328070164,-9.8044672012329
110.88950384036,9.9004593962215e-05,0.00020769286471917,0,0,0,449.72381591797,-39.46471786499,183.07530212402,-0.0020311684347689,-0.0032856275793165,-9.8046560287476
111.14100386109,7.0083030046393e-05,0.00026763674900715,0,0,0,449.72381591797,-39.46471786499,183.07530212402,0.0021348474547267,-0.011777192354202,-9.8068065643311
111.39200388175,5.9450605593639e-05,0.00026692501860267,0,0,0,449.72384643555,-39.46471786499,183.07531738281,0.00022038025781512,0.00037681963294744,-9.8035373687744
111.64500390179,8.3054449411055e-05,0.00023634950472591,0,0,0,449.72381591797,-39.464714050293,183.07530212402,-0.0035320348106325,0.012239200994372,-9.8081703186035
111.89750392269,8.8159733580452e-05,0.00021563701664872,0,0,0,449.72381591797,-39.464714050293,183.07530212402,0.00088753330055624,0.010798725299537,-9.8063201904297
112.15850394405,6.8235421364739e-05,0.00024952973959069,0,0,0,449.72381591797,-39.46471786499,183.07531738281,0.0034164083190262,-0.003111925907433,-9.8040943145752
112.41900396533,5.4760259413771e-05,0.00028646675810327,0,0,0,449.72381591797,-39.46471786499,183.07528686523,-0.0085708936676383,0.010701799765229,-9.8109188079834
112.67850398645,7.4902333254281e-05,0.00020086269247825,0,0,0,449.72381591797,-39.46471786499,183.07531738281,-0.0019730802159756,0.005397129803896,-9.807765007019
112.93900400773,9.5864653155204e-05,0.00019348614364632,0,0,0,449.72381591797,-39.46471786499,183.07530212402,0.0054882285185158,0.0069613908417523,-9.8020849227905
113.19600402191,5.1341446122117e-05,0.00024134843667782,0,0,0,449.72381591797,-39.46471786499,183.07530212402,0.0077848918735981,0.0062163947150111,-9.8078966140747
113.45000404119,7.3147995820556e-05,0.00024320505945247,0,0,0,449.72381591797,-39.464714050293,183.07530212402,0.0075129438191652,0.005210168659687,-9.80797290802
113.70250406116,8.1803196063731e-05,0.00024504608777672,0,0,0,449.72381591797,-39.46471786499,183.07530212402,-0.003417287953198,0.010517973452806,-9.8093538284302
113.9570040796,7.4300926399169e-05,0.00023571208912588,0,0,0,449.72381591797,-39.46471786499,183.07530212402,-0.0056787682697177,0.0032644364982843,-9.808650970459
114.2105040988,7.9980475495215e-05,0.00021491728391102,0,0,0,449.72381591797,-39.46471786499,183.07530212402,-0.0044740177690983,-0.0089165680110455,-9.8036699295044
114.47050411999,4.1442660264729e-05,0.00023026448610815,0,0,0,449.72381591797,-39.46471786499,183.07530212402,-9.6563482657075e-05,4.0235929191113e-05,-9.8070755004883
114.72050414048,7.6647907233464e-05,0.00020302559321949,0,0,0,449.72381591797,-39.46471786499,183.07530212402,0.0011846309062093,-0.010021271184087,-9.80979347229
114.97800416127,0.00010176637378444,0.00022309104136944,0,0,0,449.72381591797,-39.46471786499,183.07530212402,-0.004757325630635,-0.01243077032268,-9.8076734542847
115.22900418192,7.7853953530487e-05,0.00026465305997069,0,0,0,449.72381591797,-39.46471786499,183.07530212402,0.0086775487288833,-0.0092315077781677,-9.8032894134521
115.48700420279,7.9218074673728e-05,0.00019802106754495,0,0,0,449.72381591797,-39.46471786499,183.07530212402,-0.001454061595723,-0.0017993289511651,-9.8082342147827
115.74450422358,0.00010061695087625,0.00017708287272248,0,0,0,449.72381591797,-39.46471786499,183.07530212402,0.0012626005336642,0.0066322376951575,-9.8054418563843
115.99650423322,5.7281296484698e-05,0.00021303889574308,0,0,0,449.72381591797,-39.46471786499,183.07530212402,-0.0048922342248261,-0.010254060849547,-9.8066606521606
116.2570042368,8.4320449227956e-05,0.00024066642635933,0,0,0,449.72381591797,-39.46471786499,183.07530212402,-0.0027852365747094,-0.0047301994636655,-9.8110799789429
116.5095042428,5.1149443227619e-05,0.00021421174672563,0,0,0,449.72384643555,-39.46471786499,183.07530212402,-0.0014877802459523,-0.0084927175194025,-9.8088293075562
116.763004262,5.9182304584504e-05,0.00031420182377012,0,0,0,449.72381591797,-39.46471786499,183.07530212402,0.009058004245162,0.010593907907605,-9.8033981323242
117.01500428189,5.0207766279518e-05,0.00023295781627599,0,0,0,449.72381591797,-39.464714050293,183.07530212402,0.00058051059022546,0.0092577636241913,-9.8133506774902
117.27550430316,6.4097048956463e-05,0.00029087144636883,0,0,0,449.72381591797,-39.46471786499,183.07531738281,-0.0028927591629326,0.010578011162579,-9.8001394271851
117.53050431702,3.6288630228779e-05,0.00032386881868664,0,0,0,449.72381591797,-39.46471786499,183.07530212402,-0.002528436947614,0.0095872515812516,-9.8067846298218
117.78050432075,6.8164934057748e-05,0.00025069347040385,0,0,0,449.72381591797,-39.46471786499,183.07530212402,0.0016120319487527,0.020915880799294,-9.8053979873657
118.04150432628,0.00011810487582714,0.00019448233966658,0,0,0,449.72381591797,-39.46471786499,183.07530212402,0.00012953119585291,-0.0069383522495627,-9.8080997467041
118.30150433537,7.0705077397067e-05,0.00016931551576234,0,0,0,449.72381591797,-39.464714050293,183.07530212402,0.0011788031551987,0.0068890685215592,-9.8067359924316
118.56000434235,5.1584307038283e-05,0.00032438121966446,0,0,0,449.72381591797,-39.46471786499,183.07530212402,0.00028485921211541,-0.014323275536299,-9.8036069869995
118.81600434706,7.0980403735428e-05,0.00025847646507323,0,0,0,449.72381591797,-39.464714050293,183.07530212402,0.0025406223721802,0.014226209372282,-9.808084487915
119.07650435623,8.0712384601858e-05,0.00023381417318787,0,0,0,449.72381591797,-39.464714050293,183.07530212402,-0.0031965239904821,-0.012022268027067,-9.8090896606445
119.33350437041,8.5341540939804e-05,0.00024442451918887,0,0,0,449.72384643555,-39.46471786499,183.07531738281,-0.005547943059355,0.0075303371995687,-9.8077602386475
119.5905043846,0.00010335480704147,0.00024049731634679,0,0,0,449.72381591797,-39.46471786499,183.07530212402,0.0038414953742176,0.0068860733881593,-9.8079900741577
119.84050439019,6.6346869746192e-05,0.00024011679714508,0,0,0,449.72381591797,-39.46471786499,183.07530212402,0.00075951172038913,0.0010474520968273,-9.8054866790771
120.09950440098,5.3688231413711e-05,0.0003394153175241,0,0,0,449.72381591797,-39.46471786499,183.07530212402,-0.0043995697051287,-0.017958618700504,-9.8117599487305
120.35850441176,7.2389009240546e-05,0.00020695176624639,0,0,0,449.72381591797,-39.46471786499,183.07531738281,-0.00029231351800263,-0.010881885886192,-9.8092060089111
120.61000441946,8.7564131784999e-05,0.00039236909000032,0,0,0,449.72381591797,-39.464714050293,183.07528686523,-0.0028472547419369,-0.012986855581403,-9.8102893829346
120.8635044219,9.095614057389e-05,0.00031979994625698,0,0,0,449.72381591797,-39.46471786499,183.07531738281,-0.0012189322151244,-0.0063819261267781,-9.8014717102051
121.11400442757,6.758212075267e-05,0.00032818137419175,0,0,0,449.72384643555,-39.46471786499,183.07528686523,-0.004704718478024,0.012959347106516,-9.8078327178955
121.37500443496,9.0502175100225e-05,0.00023302496370489,0,0,0,449.72381591797,-39.46471786499,183.07530212402,-0.0043855519033968,-0.0037583708763123,-9.8057327270508
121.6335044466,7.7662219422261e-05,0.00023248100329693,0,0,0,449.72381591797,-39.46471786499,183.07530212402,0.004536101128906,-0.0054937554523349,-9.8078012466431
121.89300445653,7.0467390997296e-05,0.00019231009303979,0,0,0,449.72381591797,-39.46471786499,183.07530212402,-0.0051092836074531,0.0025257570669055,-9.8107671737671
122.15000447072,6.8217598023463e-05,0.00028737857139446,0,0,0,449.72381591797,-39.46471786499,183.07530212402,-0.0024623752105981,-0.017365848645568,-9.8096752166748
122.40250449162,7.9521292259975e-05,0.00020604720515209,0,0,0,449.72381591797,-39.46471786499,183.07530212402,0.007332531735301,-0.011752628721297,-9.8046798706055
122.65250451211,8.7925992702213e-05,0.00022033630867161,0,0,0,449.72381591797,-39.46471786499,183.07530212402,0.0045516220852733,0.0040016425773501,-9.8077993392944
122.91050453298,0.00010321359333295,0.0002119634590185,0,0,0,449.72381591797,-39.46471786499,183.07528686523,-0.0025631785392761,0.0046932706609368,-9.8096475601196
123.1615045527,6.1821366076469e-05,0.00021237212053699,0,0,0,449.72384643555,-39.46471786499,183.07531738281,-0.003916653804481,-0.0055739628151059,-9.8106126785278
123.41400457267,7.2198285420208e-05,0.00023026695730219,0,0,0,449.72381591797,-39.464714050293,183.07530212402,0.0026435093022883,0.014496443793178,-9.8064498901367
123.66450459231,7.2539658031606e-05,0.00024335208978992,0,0,0,449.72381591797,-39.46471786499,183.07531738281,-0.0063756825402379,0.0084401238709688,-9.8118162155151
123.91850461159,7.919134911542e-05,0.00028923854122275,0,0,0,449.72381591797,-39.46471786499,183.07528686523,-0.0037825531326234,-0.0022146292030811,-9.8101844787598
124.16950463224,5.417358315482e-05,0.00031738887322979,0,0,0,449.72384643555,-39.46471786499,183.07530212402,0.0015978773590177,-0.031772911548615,-9.8128328323364
124.42900465336,7.0788535579647e-05,0.00032328556903014,0,0,0,449.72381591797,-39.46471786499,183.07530212402,0.00062055117450655,-0.0017814617604017,-9.808084487915
124.68600467406,5.0205701602347e-05,0.00023070937814014,0,0,0,449.72381591797,-39.46471786499,183.07530212402,0.0032942227553576,0.0071565019898117,-9.8111572265625
124.93750469387,8.5038466220952e-05,0.00018312043746291,0,0,0,449.72381591797,-39.46471786499,183.07530212402,-0.0019311397336423,-0.0085148364305496,-9.8091297149658
125.18750471342,4.7488378525085e-05,0.00026249455834788,0,0,0,449.72381591797,-39.46471786499,183.07530212402,0.001279738615267,0.011751833371818,-9.8104276657104
125.44400473405,6.2083930807138e-05,0.00022378913622364,0,0,0,449.72381591797,-39.46471786499,183.07530212402,0.00037470832467079,0.0028668707236648,-9.8088426589966
125.69850475434,6.1144609322718e-05,0.00018503316098908,0,0,0,449.72381591797,-39.46471786499,183.07530212402,-0.0010568539146334,-0.0043749939650297,-9.8058643341064
125.95450477488,7.4222728813013e-05,0.00017413721843257,0,0,0,449.72381591797,-39.46471786499,183.07530212402,0.0004360806196928,-0.0049333032220602,-9.809398651123
126.214004796,4.9347110297881e-05,0.00025154230153008,0,0,0,449.72384643555,-39.46471786499,183.07530212402,0.0034058950841427,-0.0022488092072308,-9.8086261749268
126.46450481657,9.3156909598274e-05,0.00025003182693578,0,0,0,449.72381591797,-39.46471786499,183.07530212402,-0.0040996223688126,-0.0089294826611876,-9.8133516311646
126.71700483747,7.4736464540213e-05,0.00021339160015304,0,0,0,449.72381591797,-39.46471786499,183.07530212402,0.0039310539141297,-0.0078060980886221,-9.8064861297607
126.96700485796,7.868812891351e-05,0.00016895158442508,0,0,0,449.72381591797,-39.46471786499,183.07530212402,0.00062995473854244,0.0071680163964629,-9.8056793212891
127.22200487368,7.9610898494056e-05,0.0002176730639867,0,0,0,449.72381591797,-39.46471786499,183.07531738281,0.0025345606263727,0.0035140588879585,-9.8007612228394
127.47700489033,4.9454811687839e-05,0.0003393868106598,0,0,0,449.72381591797,-39.46471786499,183.07528686523,0.0010561704402789,0.0050612529739738,-9.8080587387085
127.73450491112,9.4703829896612e-05,0.00025382758165069,0,0,0,449.72381591797,-39.46471786499,183.07531738281,-0.00057673384435475,0.026583857834339,-9.8064126968384
127.9920049319,7.4170637377777e-05,0.00029046380272636,0,0,0,449.72381591797,-39.46471786499,183.07530212402,0.001083463197574,0.0034737456589937,-9.8031969070435
128.25150495302,0.00010948284058005,0.00027790829057674,0,0,0,449.72381591797,-39.46471786499,183.07531738281,-0.0053599514067173,-0.0066034747287631,-9.8065166473389
128.50950497389,8.327026945415e-05,0.00025218869785868,0,0,0,449.72381591797,-39.46471786499,183.07528686523,0.0016250543994829,0.0055829086340964,-9.8073616027832
128.76700499468,0.00011968224868002,0.00019808718064223,0,0,0,449.72381591797,-39.46471786499,183.07530212402,-0.0019535613246262,0.01251583173871,-9.8069982528687
129.02200501505,8.713711732874e-05,0.00018531092917546,0,0,0,449.72381591797,-39.46471786499,183.07531738281,-0.0013834109995514,0.017873618751764,-9.807056427002
129.27300503291,9.6728495264371e-05,0.00028666638711789,0,0,0,449.72381591797,-39.464714050293,183.07528686523,0.0004805801436305,-0.012009166181087,-9.8106784820557
129.52450505365,6.0826052402663e-05,0.00021544562877874,0,0,0,449.72384643555,-39.46471786499,183.07531738281,0.0027994178235531,-0.0033040654379874,-9.8081712722778
129.77450507414,4.4753135392197e-05,0.00023372105834031,0,0,0,449.72381591797,-39.46471786499,183.07528686523,0.0038938908837736,0.0026704948395491,-9.8051900863647
130.03050509468,7.1561402422303e-05,0.00024119037199425,0,0,0,449.72381591797,-39.46471786499,183.07530212402,-0.0035489611327648,0.0064027886837721,-9.8123664855957
130.28850511555,0.00010399702041295,0.00017223601692642,0,0,0,449.72381591797,-39.46471786499,183.07530212402,0.00088123301975429,0.0050455052405596,-9.8076782226563
130.53950513527,0.00010632836655516,0.00020342996559542,0,0,0,449.72381591797,-39.46471786499,183.07530212402,0.002495382912457,-0.014819037169218,-9.8050727844238
130.79800515622,4.4565741401307e-05,0.00024173359365906,0,0,0,449.72381591797,-39.46471786499,183.07530212402,0.0075300456956029,0.016767598688602,-9.8062334060669
131.0530051766,6.544464625152e-05,0.00023303438724082,0,0,0,449.72381591797,-39.464714050293,183.07530212402,-0.002448066836223,0.011569371446967,-9.8106088638306
131.30900519714,6.626412764345e-05,0.00028145570165525,0,0,0,449.72381591797,-39.46471786499,183.07531738281,0.0040559368208051,0.011591333895922,-9.8056497573853
131.56400521751,6.6456866371784e-05,0.00027601646160897,0,0,0,449.72381591797,-39.46471786499,183.07530212402,0.0034068047534674,0.002321002073586,-9.8060464859009
131.82050523814,0.00011784142550616,0.00026157228732867,0,0,0,449.72381591797,-39.464714050293,183.07531738281,0.0040125120431185,0.0074224881827831,-9.8069982528687
132.07550525852,7.8353561800994e-05,0.00020320013972661,0,0,0,449.72381591797,-39.464714050293,183.07530212402,-0.00010074069723487,0.0080762086436152,-9.8088512420654
132.33250527922,8.7317588336459e-05,0.00024246013738686,0,0,0,449.72381591797,-39.464714050293,183.07530212402,-0.0027126239147037,-0.0097477808594704,-9.8079500198364
132.5875052996,6.8684074143098e-05,0.00020829145688971,0,0,0,449.72381591797,-39.46471786499,183.07531738281,0.0046685496345162,-0.013870029710233,-9.8063440322876
132.84200531989,9.0932232502629e-05,0.00022670377051826,0,0,0,449.72381591797,-39.464714050293,183.07530212402,0.007311724126339,0.015867058187723,-9.8059206008911
133.09350533411,7.6807559347434e-05,0.00017404748933374,0,0,0,449.72381591797,-39.46471786499,183.07530212402,-0.0067623979412019,0.00033830665051937,-9.8098516464233
133.35050534829,6.0981721890142e-05,0.00039801858258324,0,0,0,449.72381591797,-39.46471786499,183.07530212402,-0.0093894097954035,-0.0041663814336061,-9.8099346160889
